drop table if exists t1;
SELECT VARIABLE_VALUE INTO @r1 from INFORMATION_SCHEMA.GLOBAL_STATUS WHERE VARIABLE_NAME = 'Innodb_pages_read';
SELECT VARIABLE_VALUE INTO @rind1 from INFORMATION_SCHEMA.GLOBAL_STATUS WHERE VARIABLE_NAME = 'Innodb_pages_read_index';
SELECT VARIABLE_VALUE INTO @rul1 from INFORMATION_SCHEMA.GLOBAL_STATUS WHERE VARIABLE_NAME = 'Innodb_pages_read_undo_log';
SELECT VARIABLE_VALUE INTO @rino1 from INFORMATION_SCHEMA.GLOBAL_STATUS WHERE VARIABLE_NAME = 'Innodb_pages_read_inode';
SELECT VARIABLE_VALUE INTO @rifl1 from INFORMATION_SCHEMA.GLOBAL_STATUS WHERE VARIABLE_NAME = 'Innodb_pages_read_ibuf_free_list';
SELECT VARIABLE_VALUE INTO @ralloc1 from INFORMATION_SCHEMA.GLOBAL_STATUS WHERE VARIABLE_NAME = 'Innodb_pages_read_allocated';
SELECT VARIABLE_VALUE INTO @ribit1 from INFORMATION_SCHEMA.GLOBAL_STATUS WHERE VARIABLE_NAME = 'Innodb_pages_read_ibuf_bitmap';
SELECT VARIABLE_VALUE INTO @rsys1 from INFORMATION_SCHEMA.GLOBAL_STATUS WHERE VARIABLE_NAME = 'Innodb_pages_read_sys';
SELECT VARIABLE_VALUE INTO @rtsys1 from INFORMATION_SCHEMA.GLOBAL_STATUS WHERE VARIABLE_NAME = 'Innodb_pages_read_trx_sys';
SELECT VARIABLE_VALUE INTO @rfsp1 from INFORMATION_SCHEMA.GLOBAL_STATUS WHERE VARIABLE_NAME = 'Innodb_pages_read_fsp_hdr';
SELECT VARIABLE_VALUE INTO @rx1 from INFORMATION_SCHEMA.GLOBAL_STATUS WHERE VARIABLE_NAME = 'Innodb_pages_read_xdes';
SELECT VARIABLE_VALUE INTO @rb1 from INFORMATION_SCHEMA.GLOBAL_STATUS WHERE VARIABLE_NAME = 'Innodb_pages_read_blob';
SELECT VARIABLE_VALUE INTO @w1 from INFORMATION_SCHEMA.GLOBAL_STATUS WHERE VARIABLE_NAME = 'Innodb_pages_written';
SELECT VARIABLE_VALUE INTO @wind1 from INFORMATION_SCHEMA.GLOBAL_STATUS WHERE VARIABLE_NAME = 'Innodb_pages_written_index';
SELECT VARIABLE_VALUE INTO @wul1 from INFORMATION_SCHEMA.GLOBAL_STATUS WHERE VARIABLE_NAME = 'Innodb_pages_written_undo_log';
SELECT VARIABLE_VALUE INTO @wino1 from INFORMATION_SCHEMA.GLOBAL_STATUS WHERE VARIABLE_NAME = 'Innodb_pages_written_inode';
SELECT VARIABLE_VALUE INTO @wifl1 from INFORMATION_SCHEMA.GLOBAL_STATUS WHERE VARIABLE_NAME = 'Innodb_pages_written_ibuf_free_list';
SELECT VARIABLE_VALUE INTO @walloc1 from INFORMATION_SCHEMA.GLOBAL_STATUS WHERE VARIABLE_NAME = 'Innodb_pages_written_allocated';
SELECT VARIABLE_VALUE INTO @wibit1 from INFORMATION_SCHEMA.GLOBAL_STATUS WHERE VARIABLE_NAME = 'Innodb_pages_written_ibuf_bitmap';
SELECT VARIABLE_VALUE INTO @wsys1 from INFORMATION_SCHEMA.GLOBAL_STATUS WHERE VARIABLE_NAME = 'Innodb_pages_written_sys';
SELECT VARIABLE_VALUE INTO @wtsys1 from INFORMATION_SCHEMA.GLOBAL_STATUS WHERE VARIABLE_NAME = 'Innodb_pages_written_trx_sys';
SELECT VARIABLE_VALUE INTO @wfsp1 from INFORMATION_SCHEMA.GLOBAL_STATUS WHERE VARIABLE_NAME = 'Innodb_pages_written_fsp_hdr';
SELECT VARIABLE_VALUE INTO @wx1 from INFORMATION_SCHEMA.GLOBAL_STATUS WHERE VARIABLE_NAME = 'Innodb_pages_written_xdes';
SELECT VARIABLE_VALUE INTO @wb1 from INFORMATION_SCHEMA.GLOBAL_STATUS WHERE VARIABLE_NAME = 'Innodb_pages_written_blob';
CREATE TABLE t1 (a int not null primary key, b blob) engine=innodb;
insert into t1 values (1, repeat("test", 3000));
flush tables t1 with memory cache;
select count(*) from t1;
count(*)
1
flush tables t1 with memory cache;
create table t2 (a int) engine=innodb;
insert into t2 values (1),(2),(3),(4),(5),(6),(7),(8),(9),(10);
insert into t2 values (1),(2),(3),(4),(5),(6),(7),(8),(9),(10);
insert into t2 values (1),(2),(3),(4),(5),(6),(7),(8),(9),(10);
insert into t2 values (1),(2),(3),(4),(5),(6),(7),(8),(9),(10);
insert into t2 values (1),(2),(3),(4),(5),(6),(7),(8),(9),(10);
flush tables t2 with memory cache;
select * from t2 where a=6;
a
6
6
6
6
6
select * from t1 where a=1;
SELECT VARIABLE_VALUE INTO @r2 from INFORMATION_SCHEMA.GLOBAL_STATUS WHERE VARIABLE_NAME = 'Innodb_pages_read';
SELECT VARIABLE_VALUE INTO @rind2 from INFORMATION_SCHEMA.GLOBAL_STATUS WHERE VARIABLE_NAME = 'Innodb_pages_read_index';
SELECT VARIABLE_VALUE INTO @rul2 from INFORMATION_SCHEMA.GLOBAL_STATUS WHERE VARIABLE_NAME = 'Innodb_pages_read_undo_log';
SELECT VARIABLE_VALUE INTO @rino2 from INFORMATION_SCHEMA.GLOBAL_STATUS WHERE VARIABLE_NAME = 'Innodb_pages_read_inode';
SELECT VARIABLE_VALUE INTO @rifl2 from INFORMATION_SCHEMA.GLOBAL_STATUS WHERE VARIABLE_NAME = 'Innodb_pages_read_ibuf_free_list';
SELECT VARIABLE_VALUE INTO @ralloc2 from INFORMATION_SCHEMA.GLOBAL_STATUS WHERE VARIABLE_NAME = 'Innodb_pages_read_allocated';
SELECT VARIABLE_VALUE INTO @ribit2 from INFORMATION_SCHEMA.GLOBAL_STATUS WHERE VARIABLE_NAME = 'Innodb_pages_read_ibuf_bitmap';
SELECT VARIABLE_VALUE INTO @rsys2 from INFORMATION_SCHEMA.GLOBAL_STATUS WHERE VARIABLE_NAME = 'Innodb_pages_read_sys';
SELECT VARIABLE_VALUE INTO @rtsys2 from INFORMATION_SCHEMA.GLOBAL_STATUS WHERE VARIABLE_NAME = 'Innodb_pages_read_trx_sys';
SELECT VARIABLE_VALUE INTO @rfsp2 from INFORMATION_SCHEMA.GLOBAL_STATUS WHERE VARIABLE_NAME = 'Innodb_pages_read_fsp_hdr';
SELECT VARIABLE_VALUE INTO @rx2 from INFORMATION_SCHEMA.GLOBAL_STATUS WHERE VARIABLE_NAME = 'Innodb_pages_read_xdes';
SELECT VARIABLE_VALUE INTO @rb2 from INFORMATION_SCHEMA.GLOBAL_STATUS WHERE VARIABLE_NAME = 'Innodb_pages_read_blob';
SELECT VARIABLE_VALUE INTO @w2 from INFORMATION_SCHEMA.GLOBAL_STATUS WHERE VARIABLE_NAME = 'Innodb_pages_written';
SELECT VARIABLE_VALUE INTO @wind2 from INFORMATION_SCHEMA.GLOBAL_STATUS WHERE VARIABLE_NAME = 'Innodb_pages_written_index';
SELECT VARIABLE_VALUE INTO @wul2 from INFORMATION_SCHEMA.GLOBAL_STATUS WHERE VARIABLE_NAME = 'Innodb_pages_written_undo_log';
SELECT VARIABLE_VALUE INTO @wino2 from INFORMATION_SCHEMA.GLOBAL_STATUS WHERE VARIABLE_NAME = 'Innodb_pages_written_inode';
SELECT VARIABLE_VALUE INTO @wifl2 from INFORMATION_SCHEMA.GLOBAL_STATUS WHERE VARIABLE_NAME = 'Innodb_pages_written_ibuf_free_list';
SELECT VARIABLE_VALUE INTO @walloc2 from INFORMATION_SCHEMA.GLOBAL_STATUS WHERE VARIABLE_NAME = 'Innodb_pages_written_allocated';
SELECT VARIABLE_VALUE INTO @wibit2 from INFORMATION_SCHEMA.GLOBAL_STATUS WHERE VARIABLE_NAME = 'Innodb_pages_written_ibuf_bitmap';
SELECT VARIABLE_VALUE INTO @wsys2 from INFORMATION_SCHEMA.GLOBAL_STATUS WHERE VARIABLE_NAME = 'Innodb_pages_written_sys';
SELECT VARIABLE_VALUE INTO @wtsys2 from INFORMATION_SCHEMA.GLOBAL_STATUS WHERE VARIABLE_NAME = 'Innodb_pages_written_trx_sys';
SELECT VARIABLE_VALUE INTO @wfsp2 from INFORMATION_SCHEMA.GLOBAL_STATUS WHERE VARIABLE_NAME = 'Innodb_pages_written_fsp_hdr';
SELECT VARIABLE_VALUE INTO @wx2 from INFORMATION_SCHEMA.GLOBAL_STATUS WHERE VARIABLE_NAME = 'Innodb_pages_written_xdes';
SELECT VARIABLE_VALUE INTO @wb2 from INFORMATION_SCHEMA.GLOBAL_STATUS WHERE VARIABLE_NAME = 'Innodb_pages_written_blob';
SELECT @wb2 - @wb1 as diff;
diff
1
SELECT @rb2 - @rb1 as diff;
diff
1
drop table t1;
drop table t2;
