drop table if exists autoinno, noautoinno;
create table autoinno(i int not null auto_increment primary key) engine=innodb;
create table noautoinno(i int not null primary key) engine=innodb;
set autocommit=1;
insert into autoinno values (null);
insert into noautoinno values (1);
set autocommit=0;
begin;
insert into autoinno values (null);
insert into noautoinno values (2);
rollback;
begin;
insert into autoinno values (null);
insert into noautoinno values (2);
commit;
select * from autoinno;
i
1
3
select * from noautoinno;
i
1
2
drop table autoinno, noautoinno;
