drop table if exists t1;
CREATE TABLE t1 (a int not null primary key, b blob) engine=innodb;
insert into t1 values (1, repeat("test", 30000));
Warnings:
Warning	1265	Data truncated for column 'b' at row 1
flush tables t1 with memory cache;
select count(*) from t1;
count(*)
1
insert into t1 values (2, repeat("test", 10000));
insert into t1 values (5, repeat("test", 10000));
flush tables t1 with memory cache;
select * from t1 where a=1;
select
INNODB_PAGES_READ, INNODB_PAGES_READ_INDEX, INNODB_PAGES_READ_BLOB
from information_schema.table_statistics where table_name like 't1%';
INNODB_PAGES_READ	INNODB_PAGES_READ_INDEX	INNODB_PAGES_READ_BLOB
5	0	4
select
INNODB_PAGES_WRITTEN, INNODB_PAGES_WRITTEN_INDEX, INNODB_PAGES_WRITTEN_BLOB
from information_schema.table_statistics where table_name like 't1%';
INNODB_PAGES_WRITTEN	INNODB_PAGES_WRITTEN_INDEX	INNODB_PAGES_WRITTEN_BLOB
17	2	10
drop table t1;
