stop slave;
drop table if exists t1,t2,t3,t4,t5,t6,t7,t8,t9;
reset master;
reset slave;
drop table if exists t1,t2,t3,t4,t5,t6,t7,t8,t9;
start slave;
DROP TABLE IF EXISTS t1;
CREATE TABLE t1(id INT AUTO_INCREMENT PRIMARY KEY,
msg_prefix VARCHAR(255),
msg VARCHAR(255),
msg_length int,
msg_checksum varchar(128),
KEY msg_i(msg_prefix))
ENGINE=INNODB;
SELECT @@innodb_file_format_check;
@@innodb_file_format_check
Antelope
drop table if exists errors;
create table errors(msg text) engine=innodb;
SELECT @@innodb_file_format_check;
@@innodb_file_format_check
Antelope
call mtr.add_suppression(".*");
Checksum master
stop slave;
start slave;
Checksum slave
SELECT @@innodb_file_format_check;
@@innodb_file_format_check
Antelope
SELECT @@innodb_file_format_check;
@@innodb_file_format_check
Antelope
select * from errors limit 1000;
msg
DROP TABLE errors;
DROP TABLE t1;
SET GLOBAL innodb_file_format_check = "Antelope";
