stop slave;
drop table if exists t1,t2,t3,t4,t5,t6,t7,t8,t9;
reset master;
reset slave;
drop table if exists t1,t2,t3,t4,t5,t6,t7,t8,t9;
start slave;
DROP TABLE IF EXISTS t1;
CREATE TABLE t1(id INT AUTO_INCREMENT PRIMARY KEY,
msg VARCHAR(255),
KEY msg_i(msg))
ENGINE=INNODB;
SELECT @@innodb_file_format_check;
@@innodb_file_format_check
Antelope
SELECT @@innodb_file_format_check;
@@innodb_file_format_check
Antelope
call mtr.add_suppression(".*");
Wait for reconnect
Checksum master
stop slave;
start slave;
Checksum slave
Wait for reconnect
Checksum master
stop slave;
start slave;
Checksum slave
Wait for reconnect
Checksum master
stop slave;
start slave;
Checksum slave
Wait for reconnect
Checksum master
stop slave;
start slave;
Checksum slave
Wait for reconnect
Checksum master
stop slave;
start slave;
Checksum slave
SELECT @@innodb_file_format_check;
@@innodb_file_format_check
Antelope
SELECT @@innodb_file_format_check;
@@innodb_file_format_check
Antelope
DROP TABLE t1;
SET GLOBAL innodb_file_format_check = "Antelope";
