call mtr.add_suppression("InnoDB: Error: row_merge_drop_index failed with error code: 47");
call mtr.add_suppression("InnoDB: Error: row_merge_rename_indexes failed with error code: 47");
drop table if exists t1, t2, t3;
create table t1(i int primary key, c char(50)) engine=innodb;
create index x1 on t1(c);
insert into t1 values (1, 'foobar');
set global innodb_fail_ddl_drop_index = TRUE;
alter table t1 drop index x1;
set global innodb_fail_ddl_drop_index = FALSE;
show create table t1;
Table	Create Table
t1	CREATE TABLE `t1` (
  `i` int(11) NOT NULL,
  `c` char(50) DEFAULT NULL,
  PRIMARY KEY (`i`)
) ENGINE=InnoDB DEFAULT CHARSET=latin1
create index x2 on t1(c);
alter table t1 drop index x2;
create index x1 on t1(c);
show create table t1;
Table	Create Table
t1	CREATE TABLE `t1` (
  `i` int(11) NOT NULL,
  `c` char(50) DEFAULT NULL,
  PRIMARY KEY (`i`),
  KEY `x1` (`c`)
) ENGINE=InnoDB DEFAULT CHARSET=latin1
select i from t1 force index(x1);
i
1
set global innodb_fail_ddl_rename_index = TRUE;
create index x3 on t1(c(10));
ERROR HY000: Too many active concurrent transactions
set global innodb_fail_ddl_rename_index = FALSE;
show create table t1;
Table	Create Table
t1	CREATE TABLE `t1` (
  `i` int(11) NOT NULL,
  `c` char(50) DEFAULT NULL,
  PRIMARY KEY (`i`),
  KEY `x1` (`c`)
) ENGINE=InnoDB DEFAULT CHARSET=latin1
create table t2(i int) engine=innodb;
insert into t2 values (1);
set global innodb_fail_ddl_rename_table1 = TRUE;
rename table t2 to t3;
ERROR HY000: Error on rename of './test/t2' to './test/t3' (errno: 177)
set global innodb_fail_ddl_rename_table1 = FALSE;
show create table t2;
Table	Create Table
t2	CREATE TABLE `t2` (
  `i` int(11) DEFAULT NULL
) ENGINE=InnoDB DEFAULT CHARSET=latin1
select * from t2;
i
1
set global innodb_fail_ddl_rename_table2 = TRUE;
rename table t2 to t3;
ERROR HY000: Error on rename of './test/t2' to './test/t3' (errno: 177)
set global innodb_fail_ddl_rename_table2 = FALSE;
show create table t2;
Table	Create Table
t2	CREATE TABLE `t2` (
  `i` int(11) DEFAULT NULL
) ENGINE=InnoDB DEFAULT CHARSET=latin1
select * from t2;
i
1
set global innodb_fail_ddl_truncate_table = TRUE;
truncate table t2;
set global innodb_fail_ddl_truncate_table = FALSE;
show create table t2;
Table	Create Table
t2	CREATE TABLE `t2` (
  `i` int(11) DEFAULT NULL
) ENGINE=InnoDB DEFAULT CHARSET=latin1
select * from t2;
i
create table t3(i int) engine=innodb;
insert into t3 values (1);
set global innodb_fail_ddl_drop_table = TRUE;
drop table t3;
ERROR 42S02: Unknown table 't3'
set global innodb_fail_ddl_drop_table = FALSE;
show create table t3;
Table	Create Table
t3	CREATE TABLE `t3` (
  `i` int(11) DEFAULT NULL
) ENGINE=InnoDB DEFAULT CHARSET=latin1
select * from t3;
i
1
drop table t1;
drop table t2;
drop table t3;
