drop table if exists userstats;
create table userstats (i int primary key, j int) engine=innodb;
flush statistics;

At start

select binlog_bytes_written from information_schema.user_statistics where user_name = 'root';
binlog_bytes_written	79
show global status like "Binlog_bytes_written";
Variable_name	Value
Binlog_bytes_written	298
insert into userstats values (1,1);

after insert

select binlog_bytes_written from information_schema.user_statistics where user_name = 'root';
binlog_bytes_written	312
show global status like "Binlog_bytes_written";
Variable_name	Value
Binlog_bytes_written	531
begin;
insert into userstats values (2,2);
commit;

after begin, insert, commit

select binlog_bytes_written from information_schema.user_statistics where user_name = 'root';
binlog_bytes_written	545
show global status like "Binlog_bytes_written";
Variable_name	Value
Binlog_bytes_written	764
select * from userstats;
i	j
1	1
2	2

after select

select binlog_bytes_written from information_schema.user_statistics where user_name = 'root';
binlog_bytes_written	545
show global status like "Binlog_bytes_written";
Variable_name	Value
Binlog_bytes_written	764
drop table userstats;
