stop slave;
drop table if exists t1,t2,t3,t4,t5,t6,t7,t8,t9;
reset master;
reset slave;
drop table if exists t1,t2,t3,t4,t5,t6,t7,t8,t9;
start slave;
drop table if exists t1;
call mtr.add_suppression(".*");
CREATE TABLE t1(a int primary key) engine=innodb;
SET GLOBAL debug="d,crash_commit_after";
BEGIN;
insert into t1 values(10);
COMMIT;
insert into t1 values(11);
start slave;
select * from t1;
a
10
11
select * from t1;
a
10
11
DROP TABLE t1;
